promoter_id,promoter_name
967,fabric
967,fabric
967,fabric
967,fabric
967,fabric
967,fabric
967,fabric
967,fabric
967,fabric
967,fabric
967,fabric
967,fabric
967,fabric
967,fabric
967,fabric
967,fabric
967,fabric
967,fabric
967,fabric
967,fabric
967,fabric
967,fabric
967,fabric
967,fabric
967,fabric
967,fabric
967,fabric
17593,Trance Sanctuary
967,fabric
967,fabric
967,fabric
967,fabric
967,fabric
967,fabric
967,fabric
967,fabric
967,fabric
967,fabric
967,fabric
967,fabric
967,fabric
967,fabric
967,fabric
967,fabric
967,fabric
967,fabric
967,fabric
967,fabric
967,fabric
967,fabric
967,fabric
967,fabric
967,fabric
967,fabric
967,fabric
967,fabric
967,fabric
967,fabric
967,fabric
967,fabric
967,fabric
967,fabric
967,fabric
967,fabric
967,fabric
967,fabric
967,fabric
967,fabric
967,fabric
967,fabric
967,fabric
967,fabric
967,fabric
967,fabric
967,fabric
967,fabric
967,fabric
967,fabric
967,fabric
967,fabric
967,fabric
967,fabric
967,fabric
967,fabric
967,fabric
967,fabric
967,fabric
17593,Trance Sanctuary
967,fabric
967,fabric
967,fabric
967,fabric
967,fabric
967,fabric
967,fabric
967,fabric
967,fabric
967,fabric
967,fabric
967,fabric
967,fabric
967,fabric
967,fabric
967,fabric
967,fabric
967,fabric
967,fabric
967,fabric
967,fabric
967,fabric
967,fabric
967,fabric
967,fabric
967,fabric
967,fabric
967,fabric
33403,Milkshake
967,fabric
967,fabric
967,fabric
967,fabric
967,fabric
967,fabric
967,fabric
967,fabric
967,fabric
967,fabric
967,fabric
967,fabric
967,fabric
967,fabric
967,fabric
967,fabric
967,fabric
967,fabric
967,fabric
967,fabric
967,fabric
967,fabric
967,fabric
967,fabric
967,fabric
967,fabric
967,fabric
967,fabric
967,fabric
967,fabric
967,fabric
967,fabric
967,fabric
967,fabric
967,fabric
967,fabric
967,fabric
967,fabric
967,fabric
967,fabric
967,fabric
967,fabric
967,fabric
967,fabric
967,fabric
967,fabric
967,fabric
967,fabric
967,fabric
967,fabric
967,fabric
967,fabric
967,fabric
967,fabric
967,fabric
967,fabric
967,fabric
967,fabric
967,fabric
967,fabric
967,fabric
967,fabric
967,fabric
967,fabric
967,fabric
967,fabric
967,fabric
967,fabric
967,fabric
967,fabric
967,fabric
967,fabric
967,fabric
967,fabric
967,fabric
967,fabric
967,fabric
967,fabric
967,fabric
967,fabric
967,fabric
967,fabric
967,fabric
967,fabric
967,fabric
967,fabric
967,fabric
967,fabric
967,fabric
967,fabric
967,fabric
967,fabric
967,fabric
967,fabric
967,fabric
967,fabric
967,fabric
967,fabric
967,fabric
967,fabric
967,fabric
56642,Wicked Student Nights
967,fabric
967,fabric
967,fabric
967,fabric
967,fabric
967,fabric
967,fabric
967,fabric
967,fabric
967,fabric
967,fabric
967,fabric
967,fabric
967,fabric
967,fabric
967,fabric
967,fabric
967,fabric
967,fabric
967,fabric
967,fabric
967,fabric
967,fabric
967,fabric
967,fabric
967,fabric
967,fabric
76188,Forms
967,fabric
967,fabric
967,fabric
967,fabric
967,fabric
76188,Forms
967,fabric
967,fabric
967,fabric
967,fabric
967,fabric
967,fabric
967,fabric
967,fabric
967,fabric
967,fabric
967,fabric
967,fabric
967,fabric
967,fabric
967,fabric
967,fabric
967,fabric
967,fabric
967,fabric
967,fabric
967,fabric
967,fabric
967,fabric
967,fabric
967,fabric
967,fabric
56642,Wicked Student Nights
967,fabric
967,fabric
967,fabric
967,fabric
967,fabric
967,fabric
967,fabric
967,fabric
967,fabric
967,fabric
25836,Solo Danza
967,fabric
967,fabric
967,fabric
967,fabric
967,fabric
967,fabric
967,fabric
967,fabric
967,fabric
967,fabric
967,fabric
967,fabric
967,fabric
967,fabric
967,fabric
967,fabric
967,fabric
967,fabric
967,fabric
967,fabric
967,fabric
967,fabric
967,fabric
967,fabric
64274,shiftldn.com
967,fabric
967,fabric
967,fabric
967,fabric
967,fabric
967,fabric
967,fabric
967,fabric
967,fabric
967,fabric
967,fabric
967,fabric
967,fabric
967,fabric
967,fabric
967,fabric
967,fabric
967,fabric
967,fabric
967,fabric
967,fabric
967,fabric
967,fabric
967,fabric
967,fabric
967,fabric
967,fabric
967,fabric
967,fabric
967,fabric
967,fabric
967,fabric
967,fabric
967,fabric
967,fabric
967,fabric
967,fabric
967,fabric
967,fabric
967,fabric
967,fabric
967,fabric
967,fabric
967,fabric
967,fabric
967,fabric
967,fabric
967,fabric
967,fabric
967,fabric
967,fabric
967,fabric
967,fabric
967,fabric
967,fabric
967,fabric
967,fabric
967,fabric
967,fabric
967,fabric
967,fabric
967,fabric
967,fabric
967,fabric
967,fabric
967,fabric
967,fabric
967,fabric
967,fabric
45141,SNEAK London
967,fabric
967,fabric
967,fabric
967,fabric
967,fabric
967,fabric
967,fabric
967,fabric
967,fabric
967,fabric
967,fabric
967,fabric
967,fabric
967,fabric
967,fabric
967,fabric
967,fabric
967,fabric
967,fabric
967,fabric
967,fabric
967,fabric
967,fabric
967,fabric
967,fabric
967,fabric
967,fabric
967,fabric
967,fabric
967,fabric
967,fabric
967,fabric
967,fabric
967,fabric
967,fabric
967,fabric
967,fabric
967,fabric
967,fabric
967,fabric
967,fabric
967,fabric
967,fabric
967,fabric
967,fabric
967,fabric
967,fabric
967,fabric
967,fabric
967,fabric
967,fabric
67978,Lowercase Events London
967,fabric
967,fabric
967,fabric
967,fabric
967,fabric
967,fabric
967,fabric
967,fabric
967,fabric
967,fabric
967,fabric
967,fabric
967,fabric
967,fabric
967,fabric
967,fabric
967,fabric
967,fabric
967,fabric
967,fabric
967,fabric
967,fabric
967,fabric
967,fabric
967,fabric
967,fabric
967,fabric
967,fabric
967,fabric
967,fabric
967,fabric
967,fabric
967,fabric
967,fabric
967,fabric
967,fabric
967,fabric
967,fabric
967,fabric
967,fabric
967,fabric
967,fabric
967,fabric
967,fabric
967,fabric
967,fabric
967,fabric
967,fabric
967,fabric
967,fabric
967,fabric
967,fabric
967,fabric
967,fabric
967,fabric
967,fabric
967,fabric
967,fabric
967,fabric
967,fabric
967,fabric
967,fabric
967,fabric
967,fabric
967,fabric
967,fabric
967,fabric
967,fabric
967,fabric
967,fabric
967,fabric
967,fabric
967,fabric
967,fabric
967,fabric
967,fabric
967,fabric
967,fabric
967,fabric
890,Resident Advisor
967,fabric
967,fabric
967,fabric
967,fabric
967,fabric
967,fabric
967,fabric
967,fabric
967,fabric
967,fabric
967,fabric
967,fabric
967,fabric
967,fabric
967,fabric
967,fabric
967,fabric
967,fabric
967,fabric
967,fabric
967,fabric
967,fabric
967,fabric
967,fabric
45141,SNEAK London
967,fabric
967,fabric
967,fabric
890,Resident Advisor
967,fabric
967,fabric
967,fabric
967,fabric
967,fabric
967,fabric
967,fabric
967,fabric
967,fabric
967,fabric
967,fabric
967,fabric
967,fabric
967,fabric
967,fabric
967,fabric
967,fabric
967,fabric
967,fabric
967,fabric
967,fabric
967,fabric
967,fabric
967,fabric
967,fabric
967,fabric
967,fabric
967,fabric
967,fabric
967,fabric
967,fabric
967,fabric
967,fabric
967,fabric
967,fabric
967,fabric
967,fabric
967,fabric
967,fabric
967,fabric
967,fabric
967,fabric
967,fabric
967,fabric
967,fabric
967,fabric
967,fabric
967,fabric
967,fabric
967,fabric
967,fabric
967,fabric
967,fabric
967,fabric
967,fabric
967,fabric
967,fabric
967,fabric
967,fabric
967,fabric
967,fabric
967,fabric
967,fabric
967,fabric
967,fabric
967,fabric
967,fabric
967,fabric
18788,SPL
967,fabric
967,fabric
967,fabric
967,fabric
967,fabric
967,fabric
967,fabric
967,fabric
967,fabric
967,fabric
967,fabric
967,fabric
967,fabric
967,fabric
967,fabric
967,fabric
967,fabric
967,fabric
967,fabric
967,fabric
967,fabric
967,fabric
967,fabric
967,fabric
967,fabric
967,fabric
967,fabric
967,fabric
967,fabric
967,fabric
967,fabric
967,fabric
890,Resident Advisor
967,fabric
967,fabric
967,fabric
967,fabric
967,fabric
967,fabric
967,fabric
967,fabric
967,fabric
967,fabric
967,fabric
967,fabric
967,fabric
967,fabric
967,fabric
967,fabric
967,fabric
967,fabric
967,fabric
967,fabric
967,fabric
967,fabric
967,fabric
967,fabric
967,fabric
57626,BBT
967,fabric
967,fabric
967,fabric
967,fabric
967,fabric
967,fabric
967,fabric
967,fabric
967,fabric
967,fabric
967,fabric
967,fabric
967,fabric
967,fabric
967,fabric
967,fabric
967,fabric
967,fabric
967,fabric
967,fabric
967,fabric
967,fabric
967,fabric
967,fabric
967,fabric
967,fabric
967,fabric
967,fabric
967,fabric
967,fabric
967,fabric
967,fabric
967,fabric
967,fabric
967,fabric
967,fabric
967,fabric
967,fabric
967,fabric
967,fabric
967,fabric
967,fabric
967,fabric
967,fabric
967,fabric
967,fabric
967,fabric
967,fabric
967,fabric
967,fabric
967,fabric
967,fabric
967,fabric
967,fabric
967,fabric
967,fabric
967,fabric
967,fabric
967,fabric
967,fabric
967,fabric
967,fabric
967,fabric
967,fabric
967,fabric
967,fabric
967,fabric
967,fabric
967,fabric
967,fabric
967,fabric
967,fabric
967,fabric
967,fabric
967,fabric
967,fabric
967,fabric
967,fabric
967,fabric
967,fabric
967,fabric
967,fabric
967,fabric
967,fabric
967,fabric
967,fabric
967,fabric
967,fabric
967,fabric
967,fabric
967,fabric
967,fabric
967,fabric
967,fabric
967,fabric
967,fabric
967,fabric
967,fabric
967,fabric
967,fabric
967,fabric
967,fabric
967,fabric
967,fabric
967,fabric
967,fabric
967,fabric
967,fabric
967,fabric
967,fabric
967,fabric
967,fabric
967,fabric
967,fabric
967,fabric
967,fabric
967,fabric
967,fabric
967,fabric
967,fabric
967,fabric
967,fabric
967,fabric
967,fabric
967,fabric
9942,Liaison
967,fabric
967,fabric
967,fabric
967,fabric
967,fabric
967,fabric
967,fabric
967,fabric
967,fabric
967,fabric
967,fabric
967,fabric
967,fabric
967,fabric
967,fabric
967,fabric
967,fabric
967,fabric
967,fabric
967,fabric
967,fabric
967,fabric
967,fabric
967,fabric
967,fabric
967,fabric
967,fabric
967,fabric
967,fabric
967,fabric
967,fabric
967,fabric
967,fabric
32812,djmagazine
967,fabric
967,fabric
967,fabric
967,fabric
967,fabric
967,fabric
967,fabric
967,fabric
967,fabric
967,fabric
967,fabric
967,fabric
967,fabric
967,fabric
967,fabric
967,fabric
967,fabric
967,fabric
967,fabric
967,fabric
967,fabric
967,fabric
967,fabric
967,fabric
967,fabric
967,fabric
967,fabric
967,fabric
967,fabric
967,fabric
967,fabric
967,fabric
967,fabric
967,fabric
967,fabric
967,fabric
967,fabric
967,fabric
967,fabric
967,fabric
967,fabric
967,fabric
967,fabric
967,fabric
967,fabric
967,fabric
967,fabric
967,fabric
967,fabric
967,fabric
967,fabric
967,fabric
967,fabric
967,fabric
967,fabric
967,fabric
967,fabric
967,fabric
967,fabric
967,fabric
967,fabric
967,fabric
967,fabric
967,fabric
967,fabric
967,fabric
967,fabric
967,fabric
967,fabric
967,fabric
967,fabric
967,fabric
967,fabric
967,fabric
967,fabric
967,fabric
967,fabric
967,fabric
967,fabric
967,fabric
967,fabric
967,fabric
967,fabric
967,fabric
967,fabric
967,fabric
967,fabric
967,fabric
967,fabric
967,fabric
967,fabric
967,fabric
967,fabric
967,fabric
967,fabric
967,fabric
967,fabric
967,fabric
967,fabric
967,fabric
967,fabric
967,fabric
967,fabric
967,fabric
967,fabric
967,fabric
967,fabric
967,fabric
967,fabric
967,fabric
967,fabric
30146,lowercase
967,fabric
967,fabric
967,fabric
967,fabric
967,fabric
967,fabric
967,fabric
967,fabric
967,fabric
967,fabric
967,fabric
967,fabric
967,fabric
967,fabric
967,fabric
967,fabric
967,fabric
967,fabric
967,fabric
967,fabric
967,fabric
967,fabric
967,fabric
30146,lowercase
967,fabric
967,fabric
967,fabric
967,fabric
967,fabric
967,fabric
967,fabric
967,fabric
967,fabric
967,fabric
967,fabric
967,fabric
967,fabric
967,fabric
967,fabric
967,fabric
967,fabric
967,fabric
967,fabric
967,fabric
967,fabric
967,fabric
967,fabric
967,fabric
967,fabric
967,fabric
967,fabric
967,fabric
967,fabric
967,fabric
967,fabric
967,fabric
967,fabric
967,fabric
967,fabric
967,fabric
967,fabric
967,fabric
967,fabric
967,fabric
967,fabric
967,fabric
967,fabric
967,fabric
967,fabric
967,fabric
967,fabric
967,fabric
967,fabric
967,fabric
967,fabric
967,fabric
967,fabric
967,fabric
967,fabric
967,fabric
967,fabric
967,fabric
967,fabric
967,fabric
967,fabric
967,fabric
967,fabric
967,fabric
967,fabric
967,fabric
967,fabric
967,fabric
967,fabric
967,fabric
967,fabric
967,fabric
967,fabric
967,fabric
967,fabric
967,fabric
967,fabric
967,fabric
967,fabric
967,fabric
967,fabric
967,fabric
967,fabric
967,fabric
967,fabric
967,fabric
967,fabric
967,fabric
967,fabric
967,fabric
967,fabric
967,fabric
967,fabric
967,fabric
967,fabric
967,fabric
967,fabric
967,fabric
967,fabric
967,fabric
967,fabric
967,fabric
967,fabric
967,fabric
967,fabric
967,fabric
967,fabric
967,fabric
967,fabric
967,fabric
967,fabric
967,fabric
967,fabric
967,fabric
967,fabric
967,fabric
967,fabric
967,fabric
967,fabric
967,fabric
967,fabric
967,fabric
967,fabric
967,fabric
967,fabric
967,fabric
967,fabric
967,fabric
967,fabric
967,fabric
967,fabric
967,fabric
967,fabric
967,fabric
967,fabric
967,fabric
967,fabric
967,fabric
967,fabric
967,fabric
967,fabric
967,fabric
967,fabric
967,fabric
967,fabric
967,fabric
967,fabric
967,fabric
967,fabric
967,fabric
967,fabric
967,fabric
967,fabric
967,fabric
967,fabric
967,fabric
967,fabric
967,fabric
967,fabric
967,fabric
967,fabric
967,fabric
967,fabric
967,fabric
967,fabric
967,fabric
967,fabric
967,fabric
967,fabric
967,fabric
967,fabric
967,fabric
967,fabric
967,fabric
967,fabric
967,fabric
967,fabric
967,fabric
967,fabric
967,fabric
967,fabric
967,fabric
967,fabric
967,fabric
967,fabric
967,fabric
967,fabric
967,fabric
967,fabric
967,fabric
967,fabric
967,fabric
967,fabric
967,fabric
967,fabric
967,fabric
967,fabric
967,fabric
967,fabric
967,fabric
967,fabric
967,fabric
967,fabric
967,fabric
967,fabric
967,fabric
967,fabric
967,fabric
967,fabric
967,fabric
967,fabric
967,fabric
967,fabric
967,fabric
967,fabric
967,fabric
967,fabric
967,fabric
967,fabric
967,fabric
967,fabric
967,fabric
967,fabric
967,fabric
967,fabric
967,fabric
967,fabric
967,fabric
967,fabric
967,fabric
967,fabric
967,fabric
967,fabric
967,fabric
967,fabric
967,fabric
967,fabric
967,fabric
967,fabric
967,fabric
967,fabric
967,fabric
967,fabric
967,fabric
967,fabric
967,fabric
967,fabric
967,fabric
967,fabric
967,fabric
967,fabric
967,fabric
967,fabric
967,fabric
967,fabric
967,fabric
967,fabric
967,fabric
967,fabric
967,fabric
967,fabric
967,fabric
967,fabric
967,fabric
967,fabric
967,fabric
967,fabric
967,fabric
967,fabric
967,fabric
967,fabric
967,fabric
967,fabric
967,fabric
16448,Black Atlantic
967,fabric
967,fabric
967,fabric
967,fabric
967,fabric
967,fabric
967,fabric
967,fabric
967,fabric
967,fabric
967,fabric
967,fabric
967,fabric
967,fabric
967,fabric
967,fabric
967,fabric
967,fabric
967,fabric
967,fabric
967,fabric
967,fabric
967,fabric
967,fabric
967,fabric
967,fabric
967,fabric
967,fabric
967,fabric
967,fabric
967,fabric
967,fabric
967,fabric
967,fabric
967,fabric
967,fabric
967,fabric
967,fabric
967,fabric
967,fabric
967,fabric
967,fabric
967,fabric
967,fabric
967,fabric
967,fabric
967,fabric
967,fabric
967,fabric
967,fabric
967,fabric
967,fabric
967,fabric
967,fabric
967,fabric
967,fabric
967,fabric
967,fabric
967,fabric
967,fabric
967,fabric
967,fabric
967,fabric
967,fabric
967,fabric
967,fabric
967,fabric
967,fabric
22442,UNION
967,fabric
967,fabric
967,fabric
967,fabric
967,fabric
967,fabric
967,fabric
967,fabric
967,fabric
967,fabric
967,fabric
967,fabric
967,fabric
967,fabric
967,fabric
967,fabric
967,fabric
967,fabric
967,fabric
18788,SPL
967,fabric
967,fabric
967,fabric
22442,UNION
967,fabric
967,fabric
967,fabric
967,fabric
967,fabric
967,fabric
967,fabric
967,fabric
22442,UNION
10157,London Electronic
967,fabric
967,fabric
967,fabric
967,fabric
967,fabric
967,fabric
967,fabric
967,fabric
967,fabric
967,fabric
967,fabric
967,fabric
967,fabric
967,fabric
967,fabric
967,fabric
967,fabric
967,fabric
967,fabric
967,fabric
967,fabric
967,fabric
967,fabric
967,fabric
967,fabric
967,fabric
967,fabric
967,fabric
967,fabric
967,fabric
967,fabric
10157,London Electronic
10157,London Electronic
967,fabric
967,fabric
967,fabric
967,fabric
967,fabric
967,fabric
967,fabric
967,fabric
967,fabric
967,fabric
967,fabric
967,fabric
967,fabric
967,fabric
967,fabric
967,fabric
967,fabric
967,fabric
967,fabric
967,fabric
967,fabric
967,fabric
967,fabric
967,fabric
967,fabric
967,fabric
967,fabric
967,fabric
967,fabric
967,fabric
967,fabric
967,fabric
967,fabric
967,fabric
967,fabric
967,fabric
967,fabric
967,fabric
967,fabric
967,fabric
967,fabric
967,fabric
967,fabric
967,fabric
967,fabric
967,fabric
967,fabric
967,fabric
967,fabric
967,fabric
967,fabric
967,fabric
967,fabric
967,fabric
10157,London Electronic
967,fabric
967,fabric
967,fabric
967,fabric
967,fabric
967,fabric
967,fabric
967,fabric
967,fabric
967,fabric
967,fabric
967,fabric
967,fabric
967,fabric
967,fabric
967,fabric
967,fabric
967,fabric
967,fabric
967,fabric
967,fabric
967,fabric
967,fabric
967,fabric
967,fabric
967,fabric
967,fabric
967,fabric
967,fabric
967,fabric
967,fabric
967,fabric
967,fabric
967,fabric
967,fabric
967,fabric
967,fabric
13798,lo*kee loves
967,fabric
967,fabric
597,WetYourSelf!
967,fabric
967,fabric
597,WetYourSelf!
967,fabric
967,fabric
597,WetYourSelf!
967,fabric
967,fabric
967,fabric
967,fabric
967,fabric
967,fabric
967,fabric
967,fabric
967,fabric
967,fabric
967,fabric
967,fabric
967,fabric
967,fabric
967,fabric
967,fabric
967,fabric
967,fabric
967,fabric
967,fabric
967,fabric
967,fabric
967,fabric
967,fabric
967,fabric
967,fabric
967,fabric
967,fabric
967,fabric
967,fabric
967,fabric
967,fabric
967,fabric
967,fabric
967,fabric
967,fabric
967,fabric
967,fabric
967,fabric
967,fabric
967,fabric
967,fabric
967,fabric
967,fabric
967,fabric
967,fabric
967,fabric
967,fabric
967,fabric
967,fabric
967,fabric
967,fabric
967,fabric
967,fabric
967,fabric
967,fabric
967,fabric
967,fabric
967,fabric
597,WetYourSelf!
967,fabric
967,fabric
967,fabric
967,fabric
967,fabric
967,fabric
967,fabric
967,fabric
967,fabric
597,WetYourSelf!
967,fabric
967,fabric
967,fabric
967,fabric
967,fabric
967,fabric
967,fabric
967,fabric
967,fabric
967,fabric
967,fabric
967,fabric
967,fabric
967,fabric
967,fabric
967,fabric
967,fabric
967,fabric
967,fabric
967,fabric
967,fabric
967,fabric
967,fabric
967,fabric
967,fabric
967,fabric
967,fabric
967,fabric
967,fabric
967,fabric
967,fabric
967,fabric
967,fabric
967,fabric
967,fabric
597,WetYourSelf!
967,fabric
967,fabric
967,fabric
967,fabric
967,fabric
967,fabric
597,WetYourSelf!
967,fabric
967,fabric
597,WetYourSelf!
967,fabric
967,fabric
967,fabric
597,WetYourSelf!
967,fabric
967,fabric
967,fabric
967,fabric
967,fabric
597,WetYourSelf!
967,fabric
967,fabric
10234,Breakspoll
597,WetYourSelf!
967,fabric
967,fabric
597,WetYourSelf!
967,fabric
967,fabric
967,fabric
967,fabric
967,fabric
967,fabric
967,fabric
967,fabric
967,fabric
967,fabric
967,fabric
967,fabric
967,fabric
967,fabric
967,fabric
967,fabric
597,WetYourSelf!
967,fabric
967,fabric
597,WetYourSelf!
967,fabric
967,fabric
597,WetYourSelf!
967,fabric
967,fabric
597,WetYourSelf!
967,fabric
967,fabric
597,WetYourSelf!
967,fabric
967,fabric
597,WetYourSelf!
967,fabric
967,fabric
597,WetYourSelf!
967,fabric
967,fabric
597,WetYourSelf!
967,fabric
967,fabric
597,WetYourSelf!
967,fabric
967,fabric
967,fabric
967,fabric
967,fabric
967,fabric
597,WetYourSelf!
967,fabric
967,fabric
597,WetYourSelf!
967,fabric
967,fabric
597,WetYourSelf!
967,fabric
967,fabric
597,WetYourSelf!
967,fabric
967,fabric
597,WetYourSelf!
967,fabric
967,fabric
597,WetYourSelf!
967,fabric
967,fabric
967,fabric
967,fabric
967,fabric
597,WetYourSelf!
967,fabric
967,fabric
597,WetYourSelf!
967,fabric
967,fabric
597,WetYourSelf!
967,fabric
967,fabric
597,WetYourSelf!
967,fabric
967,fabric
597,WetYourSelf!
967,fabric
967,fabric
597,WetYourSelf!
967,fabric
967,fabric
597,WetYourSelf!
967,fabric
967,fabric
597,WetYourSelf!
967,fabric
967,fabric
597,WetYourSelf!
967,fabric
967,fabric
597,WetYourSelf!
967,fabric
967,fabric
597,WetYourSelf!
967,fabric
967,fabric
597,WetYourSelf!
967,fabric
967,fabric
597,WetYourSelf!
967,fabric
967,fabric
597,WetYourSelf!
967,fabric
967,fabric
597,WetYourSelf!
967,fabric
967,fabric
9110,Deviation
597,WetYourSelf!
967,fabric
967,fabric
597,WetYourSelf!
967,fabric
967,fabric
597,WetYourSelf!
967,fabric
967,fabric
597,WetYourSelf!
967,fabric
967,fabric
597,WetYourSelf!
967,fabric
967,fabric
597,WetYourSelf!
967,fabric
967,fabric
597,WetYourSelf!
967,fabric
967,fabric
597,WetYourSelf!
967,fabric
967,fabric
597,WetYourSelf!
967,fabric
967,fabric
597,WetYourSelf!
967,fabric
967,fabric
597,WetYourSelf!
967,fabric
967,fabric
10234,Breakspoll
597,WetYourSelf!
967,fabric
597,WetYourSelf!
967,fabric
967,fabric
597,WetYourSelf!
967,fabric
967,fabric
967,fabric
967,fabric
967,fabric
967,fabric
967,fabric
967,fabric
967,fabric
967,fabric
967,fabric
967,fabric
967,fabric
967,fabric
967,fabric
967,fabric
967,fabric
967,fabric
967,fabric
967,fabric
967,fabric
967,fabric
967,fabric
967,fabric
967,fabric
967,fabric
967,fabric
967,fabric
967,fabric
967,fabric
967,fabric
967,fabric
967,fabric
967,fabric
967,fabric
967,fabric
967,fabric
967,fabric
967,fabric
967,fabric
967,fabric
967,fabric
967,fabric
967,fabric
967,fabric
967,fabric
967,fabric
967,fabric
967,fabric
967,fabric
967,fabric
967,fabric
967,fabric
967,fabric
967,fabric
967,fabric
967,fabric
967,fabric
967,fabric
967,fabric
967,fabric
967,fabric
967,fabric
967,fabric
967,fabric
967,fabric
967,fabric
967,fabric
967,fabric
967,fabric
967,fabric
967,fabric
967,fabric
967,fabric
967,fabric
967,fabric
967,fabric
967,fabric
967,fabric
967,fabric
953,Sunshine Enterprises
967,fabric
967,fabric
967,fabric
967,fabric
10234,Breakspoll
967,fabric
967,fabric
967,fabric
967,fabric
967,fabric
967,fabric
967,fabric
967,fabric
967,fabric
967,fabric
967,fabric
967,fabric
967,fabric
967,fabric
967,fabric
967,fabric
967,fabric
967,fabric
967,fabric
967,fabric
967,fabric
967,fabric
967,fabric
967,fabric
967,fabric
967,fabric
967,fabric
967,fabric
967,fabric
967,fabric
967,fabric
967,fabric
967,fabric
967,fabric
967,fabric
967,fabric
967,fabric
967,fabric
393,Adventures in the Beetroot Field
967,fabric
967,fabric
967,fabric
967,fabric
967,fabric
967,fabric
157,Need2Soul
967,fabric
967,fabric
967,fabric
967,fabric
967,fabric
967,fabric
967,fabric
967,fabric
967,fabric
967,fabric
967,fabric
967,fabric
967,fabric
967,fabric
967,fabric
967,fabric
967,fabric
967,fabric
967,fabric
967,fabric
967,fabric
967,fabric
967,fabric
967,fabric
967,fabric
967,fabric
967,fabric
967,fabric
967,fabric
393,Adventures in the Beetroot Field
967,fabric
967,fabric
967,fabric
967,fabric
967,fabric
967,fabric
967,fabric
967,fabric
967,fabric
967,fabric
967,fabric
261,Lake of Stars
967,fabric
967,fabric
967,fabric
967,fabric
967,fabric
967,fabric
967,fabric
967,fabric
393,Adventures in the Beetroot Field
967,fabric
967,fabric
967,fabric
967,fabric
967,fabric
10234,Breakspoll
967,fabric
967,fabric
967,fabric
967,fabric
967,fabric
967,fabric
967,fabric
967,fabric
967,fabric
967,fabric
967,fabric
967,fabric
967,fabric
967,fabric
967,fabric
967,fabric
967,fabric
967,fabric
967,fabric
967,fabric
967,fabric
967,fabric
967,fabric
967,fabric
967,fabric
967,fabric
967,fabric
967,fabric
967,fabric
967,fabric
967,fabric
967,fabric
967,fabric
967,fabric
967,fabric
967,fabric
967,fabric
967,fabric
967,fabric
967,fabric
967,fabric
967,fabric
967,fabric
967,fabric
967,fabric
967,fabric
967,fabric
967,fabric
10234,Breakspoll
967,fabric
967,fabric
967,fabric
967,fabric
967,fabric
967,fabric
967,fabric
967,fabric
967,fabric
967,fabric
967,fabric
967,fabric
967,fabric
967,fabric
967,fabric
967,fabric
967,fabric
967,fabric
967,fabric
967,fabric
967,fabric
967,fabric
967,fabric
967,fabric
967,fabric
967,fabric
967,fabric
967,fabric
967,fabric
967,fabric
967,fabric
967,fabric
967,fabric
967,fabric
967,fabric
967,fabric
967,fabric
967,fabric
967,fabric
967,fabric
21,Chibuku
967,fabric
967,fabric
967,fabric
967,fabric
967,fabric
967,fabric
967,fabric
967,fabric
967,fabric
967,fabric
967,fabric
967,fabric
967,fabric
967,fabric
967,fabric
967,fabric
967,fabric
967,fabric
967,fabric
967,fabric
967,fabric
967,fabric
967,fabric
967,fabric
967,fabric
967,fabric
967,fabric
967,fabric
967,fabric
10234,Breakspoll
967,fabric
967,fabric
967,fabric
967,fabric
967,fabric
967,fabric
967,fabric
967,fabric
967,fabric
967,fabric
967,fabric
967,fabric
967,fabric
967,fabric
967,fabric
967,fabric
967,fabric
967,fabric
967,fabric
967,fabric
967,fabric
967,fabric
967,fabric
967,fabric
967,fabric
967,fabric
967,fabric
967,fabric
967,fabric
967,fabric
967,fabric
967,fabric
967,fabric
967,fabric
967,fabric
967,fabric
967,fabric
967,fabric
967,fabric
967,fabric
967,fabric
967,fabric
967,fabric
967,fabric
967,fabric
967,fabric
967,fabric
967,fabric
967,fabric
967,fabric
967,fabric
967,fabric
967,fabric
967,fabric
967,fabric
967,fabric
967,fabric
967,fabric
967,fabric
967,fabric
967,fabric
967,fabric
967,fabric
967,fabric
967,fabric
967,fabric
967,fabric
967,fabric
967,fabric
967,fabric
967,fabric
967,fabric
967,fabric
967,fabric
967,fabric
967,fabric
967,fabric
967,fabric
967,fabric
967,fabric
967,fabric
967,fabric
967,fabric
967,fabric
967,fabric
967,fabric
967,fabric
967,fabric
967,fabric
967,fabric
967,fabric
967,fabric
967,fabric
967,fabric
967,fabric
967,fabric
967,fabric
967,fabric
967,fabric
967,fabric
967,fabric
967,fabric
967,fabric
967,fabric
967,fabric
967,fabric
967,fabric
967,fabric
967,fabric
967,fabric
967,fabric
967,fabric
967,fabric
967,fabric
967,fabric
967,fabric
967,fabric
967,fabric
967,fabric
967,fabric
967,fabric
967,fabric
967,fabric
967,fabric
967,fabric
967,fabric
967,fabric
967,fabric
967,fabric
967,fabric
967,fabric
967,fabric
967,fabric
967,fabric
967,fabric
967,fabric
967,fabric
967,fabric
967,fabric
967,fabric
967,fabric
967,fabric
967,fabric
967,fabric
967,fabric
967,fabric
967,fabric
967,fabric
967,fabric
967,fabric
967,fabric
967,fabric
967,fabric
967,fabric
967,fabric
967,fabric
967,fabric
967,fabric
967,fabric
967,fabric
967,fabric
967,fabric
967,fabric
967,fabric
967,fabric
967,fabric
967,fabric
967,fabric
967,fabric
967,fabric
967,fabric
967,fabric
967,fabric
967,fabric
967,fabric
967,fabric
967,fabric
967,fabric
967,fabric
967,fabric
967,fabric
967,fabric
967,fabric
967,fabric
967,fabric
967,fabric
967,fabric
967,fabric
967,fabric
967,fabric
967,fabric
967,fabric
967,fabric
967,fabric
967,fabric
967,fabric
967,fabric
967,fabric
967,fabric
967,fabric
967,fabric
967,fabric
967,fabric
967,fabric
967,fabric
967,fabric
967,fabric
967,fabric
967,fabric
967,fabric
967,fabric
967,fabric
967,fabric
967,fabric
967,fabric
967,fabric
967,fabric
967,fabric
967,fabric
967,fabric
967,fabric
967,fabric
967,fabric
967,fabric
967,fabric
967,fabric
967,fabric
967,fabric
967,fabric
967,fabric
967,fabric
967,fabric
967,fabric
967,fabric
967,fabric
967,fabric
967,fabric
967,fabric
967,fabric
967,fabric
967,fabric
967,fabric
967,fabric
967,fabric
967,fabric
967,fabric
967,fabric
967,fabric
967,fabric
967,fabric
967,fabric
967,fabric
967,fabric
967,fabric
967,fabric
967,fabric
967,fabric
967,fabric
967,fabric
967,fabric
967,fabric
967,fabric
967,fabric
967,fabric
967,fabric
967,fabric
967,fabric
967,fabric
967,fabric
967,fabric
967,fabric
967,fabric
967,fabric
967,fabric
967,fabric
967,fabric
967,fabric
967,fabric
967,fabric
967,fabric
967,fabric
967,fabric
967,fabric
91368,Unreal
6463,Oscillate Wildly
43662,CTRL SOUND
81086,Cabin Fever
91170,Crossbreed
51992,Moodroom Collective
84328,chinawhiterecords
7327,Groove Pleasure
3815,Rupture
633,Jaded
5946,Make Me
633,Jaded
39735,Ali Mehrkar
93104,Gypsy Tales
9111,Trouble Vision
36869,Tessellate
44929,Hyperdub
73846,KCL DJ Society
633,Jaded
85937,NAFF
36803,BoxedLdn
633,Jaded
4472,THEM
92463,UCL EMS
633,Jaded
13347,Scand
58436,Stevie Wonderland
633,Jaded
81086,Cabin Fever
32077,Percolate
44929,Hyperdub
633,Jaded
24439,Rhythm Section
3499,Corsica Studios
93104,Gypsy Tales
40783,Find Me In The Dark
9111,Trouble Vision
39735,Ali Mehrkar
85937,NAFF
92463,UCL EMS
40783,Find Me In The Dark
84328,chinawhiterecords
44929,Hyperdub
73846,KCL DJ Society
3499,Corsica Studios
36869,Tessellate
91170,Crossbreed
3815,Rupture
633,Jaded
633,Jaded
84328,chinawhiterecords
24830,Fade to Zaire
633,Jaded
24439,Rhythm Section
5946,Make Me
73846,KCL DJ Society
633,Jaded
6463,Oscillate Wildly
4472,THEM
210,Soundcrash
92463,UCL EMS
633,Jaded
40783,Find Me In The Dark
3815,Rupture
93104,Gypsy Tales
633,Jaded
39735,Ali Mehrkar
9111,Trouble Vision
633,Jaded
36869,Tessellate
9111,Trouble Vision
44929,Hyperdub
73846,KCL DJ Society
633,Jaded
55383,Pretty Pretty Good
67292,Labyrinth
633,Jaded
40783,Find Me In The Dark
84398,FreeFromSleep
633,Jaded
4105,Bill Brewster
81086,Cabin Fever
26434,NTS Radio
633,Jaded
3499,Corsica Studios
36869,Tessellate
44929,Hyperdub
633,Jaded
24439,Rhythm Section
5946,Make Me
63410,Skankandbass
92463,UCL EMS
633,Jaded
85937,NAFF
9111,Trouble Vision
45610,555-5555
633,Jaded
91041,More Claps
91769,prettygoodevents
633,Jaded
36869,Tessellate
4472,THEM
44929,Hyperdub
633,Jaded
40783,Find Me In The Dark
21962,Tief
633,Jaded
84328,chinawhiterecords
24439,Rhythm Section
26434,NTS Radio
633,Jaded
83536,Night Tube
36803,BoxedLdn
58436,Stevie Wonderland
633,Jaded
9111,Trouble Vision
633,Jaded
3499,Corsica Studios
3499,Corsica Studios
54200,Broken20
633,Jaded
84398,FreeFromSleep
80540,Ransom Note
633,Jaded
9111,Trouble Vision
633,Jaded
40783,Find Me In The Dark
43662,CTRL SOUND
633,Jaded
75378,22 Tapes
3499,Corsica Studios
633,Jaded
6463,Oscillate Wildly
72017,Harry Yellop
44929,Hyperdub
633,Jaded
72783,Boomerang Records
633,Jaded
84328,chinawhiterecords
633,Jaded
21803,I Love Acid
58371,FRACTAL
40327,Algorave
633,Jaded
36803,BoxedLdn
56397,MISTA
44929,Hyperdub
88486,Imperial DJ&P
633,Jaded
3499,Corsica Studios
3815,Rupture
73791,Acrylic
633,Jaded
71587,Melodic Diggers
43662,CTRL SOUND
633,Jaded
24830,Fade to Zaire
44929,Hyperdub
633,Jaded
85937,NAFF
21962,Tief
87589,Serious Ltd
3155,dollop
633,Jaded
7327,Groove Pleasure
40783,Find Me In The Dark
4472,THEM
633,Jaded
13347,Scand
9111,Trouble Vision
633,Jaded
3790,Mixmag
84328,chinawhiterecords
633,Jaded
21962,Tief
62031,33
40783,Find Me In The Dark
9111,Trouble Vision
633,Jaded
75378,22 Tapes
9111,Trouble Vision
44929,Hyperdub
633,Jaded
40783,Find Me In The Dark
5946,Make Me
633,Jaded
58436,Stevie Wonderland
3499,Corsica Studios
633,Jaded
36803,BoxedLdn
21962,Tief
3499,Corsica Studios
633,Jaded
36869,Tessellate
633,Jaded
85937,NAFF
3815,Rupture
44929,Hyperdub
73846,KCL DJ Society
633,Jaded
40783,Find Me In The Dark
9111,Trouble Vision
633,Jaded
40783,Find Me In The Dark
62187,Parallel Lines
633,Jaded
3499,Corsica Studios
58436,Stevie Wonderland
44929,Hyperdub
73846,KCL DJ Society
633,Jaded
47841,On the 5th Day
5946,Make Me
36803,BoxedLdn
633,Jaded
40783,Find Me In The Dark
41519,IndividualCollective
633,Jaded
67487,Critical Sound
9111,Trouble Vision
633,Jaded
7327,Groove Pleasure
40783,Find Me In The Dark
44929,Hyperdub
73846,KCL DJ Society
633,Jaded
9111,Trouble Vision
36869,Tessellate
3499,Corsica Studios
21962,Tief
633,Jaded
67261,twinkatsoul
72783,Boomerang Records
3499,Corsica Studios
60745,Monologues
633,Jaded
51992,Moodroom Collective
24439,Rhythm Section
44929,Hyperdub
73846,KCL DJ Society
633,Jaded
5946,Make Me
36869,Tessellate
36803,BoxedLdn
633,Jaded
41519,IndividualCollective
40783,Find Me In The Dark
633,Jaded
3499,Corsica Studios
81188,Red Bull Music UK
633,Jaded
47841,On the 5th Day
3815,Rupture
44929,Hyperdub
73846,KCL DJ Society
633,Jaded
40783,Find Me In The Dark
36869,Tessellate
633,Jaded
24439,Rhythm Section
4472,THEM
36803,BoxedLdn
45141,SNEAK London
633,Jaded
40783,Find Me In The Dark
58436,Stevie Wonderland
41070,Lex Records
633,Jaded
81671,Undivide
40783,Find Me In The Dark
633,Jaded
5946,Make Me
44929,Hyperdub
633,Jaded
36803,BoxedLdn
9111,Trouble Vision
73846,KCL DJ Society
633,Jaded
41519,IndividualCollective
24439,Rhythm Section
633,Jaded
13347,Scand
36869,Tessellate
633,Jaded
3499,Corsica Studios
40783,Find Me In The Dark
44929,Hyperdub
74531,South Space
633,Jaded
21962,Tief
3499,Corsica Studios
633,Jaded
47841,On the 5th Day
633,Jaded
9111,Trouble Vision
73791,Acrylic
633,Jaded
21962,Tief
67261,twinkatsoul
633,Jaded
633,Jaded
36803,BoxedLdn
15857,Infrasonics
633,Jaded
40783,Find Me In The Dark
3815,Rupture
633,Jaded
47841,On the 5th Day
3499,Corsica Studios
3499,Corsica Studios
633,Jaded
3499,Corsica Studios
56397,MISTA
44929,Hyperdub
633,Jaded
13152,EarToGround
633,Jaded
72017,Harry Yellop
24439,Rhythm Section
633,Jaded
21803,I Love Acid
44929,Hyperdub
65857,Deptford Northern Soul Club
633,Jaded
47841,On the 5th Day
633,Jaded
79765,20/20 LDN
3499,Corsica Studios
71172,Bad Form
633,Jaded
9111,Trouble Vision
78694,Groin
633,Jaded
38583,EgloRecords
4472,THEM
36869,Tessellate
60745,Monologues
633,Jaded
36803,BoxedLdn
58436,Stevie Wonderland
18696,Goldenvoice
44929,Hyperdub
633,Jaded
3499,Corsica Studios
41223,Warm Up
73791,Acrylic
78694,Groin
40783,Find Me In The Dark
633,Jaded
51992,Moodroom Collective
78694,Groin
633,Jaded
47841,On the 5th Day
3499,Corsica Studios
3499,Corsica Studios
78694,Groin
633,Jaded
3499,Corsica Studios
70715,Structureldn
78694,Groin
27058,The Hydra
5946,Make Me
3155,dollop
44929,Hyperdub
633,Jaded
40783,Find Me In The Dark
3499,Corsica Studios
24439,Rhythm Section
633,Jaded
7327,Groove Pleasure
67261,twinkatsoul
58436,Stevie Wonderland
633,Jaded
50043,ALTER NIGHTS
3499,Corsica Studios
76160,Cutter Club
40783,Find Me In The Dark
3815,Rupture
44929,Hyperdub
633,Jaded
47841,On the 5th Day
3499,Corsica Studios
633,Jaded
40783,Find Me In The Dark
3499,Corsica Studios
55001,Coyote Records
633,Jaded
3499,Corsica Studios
3499,Corsica Studios
633,Jaded
40783,Find Me In The Dark
6463,Oscillate Wildly
44929,Hyperdub
633,Jaded
5946,Make Me
58436,Stevie Wonderland
633,Jaded
41519,IndividualCollective
40783,Find Me In The Dark
3155,dollop
633,Jaded
4472,THEM
3499,Corsica Studios
890,Resident Advisor
40783,Find Me In The Dark
10443,The Blast
76160,Cutter Club
44929,Hyperdub
633,Jaded
47841,On the 5th Day
36869,Tessellate
3499,Corsica Studios
633,Jaded
21962,Tief
3499,Corsica Studios
3499,Corsica Studios
45885,SHAK OUT
74531,South Space
633,Jaded
5946,Make Me
58436,Stevie Wonderland
44929,Hyperdub
633,Jaded
36869,Tessellate
6463,Oscillate Wildly
633,Jaded
24439,Rhythm Section
40783,Find Me In The Dark
633,Jaded
3499,Corsica Studios
21962,Tief
3155,dollop
633,Jaded
47841,On the 5th Day
5946,Make Me
44929,Hyperdub
633,Jaded
40783,Find Me In The Dark
3815,Rupture
633,Jaded
36869,Tessellate
1692,Plex
67451,Lost Four Words.
633,Jaded
3499,Corsica Studios
633,Jaded
47841,On the 5th Day
58436,Stevie Wonderland
73791,Acrylic
44929,Hyperdub
633,Jaded
5946,Make Me
40783,Find Me In The Dark
633,Jaded
24439,Rhythm Section
3499,Corsica Studios
6463,Oscillate Wildly
21962,Tief
633,Jaded
4472,THEM
36869,Tessellate
68172,OfficialHyperdub
633,Jaded
51992,Moodroom Collective
37278,Dazed and Confuzed
55435,Samsara Sessions
633,Jaded
3499,Corsica Studios
633,Jaded
3499,Corsica Studios
47841,On the 5th Day
58436,Stevie Wonderland
633,Jaded
3499,Corsica Studios
44929,Hyperdub
633,Jaded
3499,Corsica Studios
50043,ALTER NIGHTS
633,Jaded
5946,Make Me
633,Jaded
47841,On the 5th Day
67261,twinkatsoul
65259,Nate's Motel
633,Jaded
3499,Corsica Studios
40783,Find Me In The Dark
633,Jaded
70715,Structureldn
3499,Corsica Studios
890,Resident Advisor
68172,OfficialHyperdub
633,Jaded
40783,Find Me In The Dark
21918,Church
65850,Live Now Sleep Later
633,Jaded
7726,Cartulis Music
41162,Balamii
633,Jaded
51786,Grey Matter
24439,Rhythm Section
633,Jaded
50043,ALTER NIGHTS
40783,Find Me In The Dark
68172,OfficialHyperdub
633,Jaded
47841,On the 5th Day
37141,NVWLS
71172,Bad Form
633,Jaded
40783,Find Me In The Dark
633,Jaded
5946,Make Me
38930,Avant Garde London
3815,Rupture
633,Jaded
41519,IndividualCollective
36869,Tessellate
633,Jaded
3499,Corsica Studios
37278,Dazed and Confuzed
633,Jaded
67261,twinkatsoul
3499,Corsica Studios
3155,dollop
44929,Hyperdub
633,Jaded
3499,Corsica Studios
47841,On the 5th Day
24439,Rhythm Section
633,Jaded
3499,Corsica Studios
633,Jaded
3499,Corsica Studios
50043,ALTER NIGHTS
62187,Parallel Lines
57715,Ben Galyas
44929,Hyperdub
38583,EgloRecords
633,Jaded
40783,Find Me In The Dark
21962,Tief
633,Jaded
26434,NTS Radio
21803,I Love Acid
633,Jaded
5946,Make Me
3499,Corsica Studios
633,Jaded
38930,Avant Garde London
3499,Corsica Studios
633,Jaded
21962,Tief
47841,On the 5th Day
44929,Hyperdub
633,Jaded
17467,Flux
36869,Tessellate
3499,Corsica Studios
633,Jaded
3499,Corsica Studios
633,Jaded
40783,Find Me In The Dark
3499,Corsica Studios
67152,Prolly
633,Jaded
41223,Warm Up
3499,Corsica Studios
44929,Hyperdub
633,Jaded
5946,Make Me
58436,Stevie Wonderland
633,Jaded
41519,IndividualCollective
37141,NVWLS
65259,Nate's Motel
633,Jaded
40783,Find Me In The Dark
3499,Corsica Studios
633,Jaded
37278,Dazed and Confuzed
21962,Tief
44929,Hyperdub
47841,On the 5th Day
36869,Tessellate
63672,Dance For Refuge
3499,Corsica Studios
3499,Corsica Studios
633,Jaded
3007,Electric Minds
633,Jaded
41223,Warm Up
17467,Flux
633,Jaded
47841,On the 5th Day
6463,Oscillate Wildly
633,Jaded
5946,Make Me
4472,THEM
52331,Peur Bleue Records
633,Jaded
55357,Clock Strikes 13
40783,Find Me In The Dark
58735,Shall Not Fade
633,Jaded
58436,Stevie Wonderland
3815,Rupture
633,Jaded
55357,Clock Strikes 13
3499,Corsica Studios
61702,No Bad Days
633,Jaded
17467,Flux
1692,Plex
633,Jaded
6463,Oscillate Wildly
40783,Find Me In The Dark
44929,Hyperdub
633,Jaded
49760,Turf Series LDN
55357,Clock Strikes 13
3499,Corsica Studios
3499,Corsica Studios
36122,Eat Your Own Ears
633,Jaded
61722,Blackest Ever Black
21962,Tief
65259,Nate's Motel
633,Jaded
5946,Make Me
3499,Corsica Studios
52304,Mothership Connection
633,Jaded
40783,Find Me In The Dark
21962,Tief
26434,NTS Radio
633,Jaded
37278,Dazed and Confuzed
36869,Tessellate
633,Jaded
47841,On the 5th Day
34350,Dance Tunnel
633,Jaded
55208,Unmasked
40783,Find Me In The Dark
44929,Hyperdub
633,Jaded
3499,Corsica Studios
38976,Lucid_London
3499,Corsica Studios
633,Jaded
40783,Find Me In The Dark
3499,Corsica Studios
633,Jaded
60484,Itsarmovement
633,Jaded
3499,Corsica Studios
3499,Corsica Studios
633,Jaded
5946,Make Me
47841,On the 5th Day
633,Jaded
40783,Find Me In The Dark
37278,Dazed and Confuzed
63582,Jesse James
633,Jaded
38930,Avant Garde London
3499,Corsica Studios
60565,TheRota
633,Jaded
61837,Never Be Found Out
3499,Corsica Studios
633,Jaded
57747,SunfallLondon
633,Jaded
41438,Kit Bransby
633,Jaded
41961,We Concur
47841,On the 5th Day
633,Jaded
37141,NVWLS
3815,Rupture
36437,Feather
633,Jaded
5946,Make Me
3499,Corsica Studios
60565,TheRota
633,Jaded
21918,Church
3499,Corsica Studios
38583,EgloRecords
633,Jaded
40783,Find Me In The Dark
36869,Tessellate
633,Jaded
3499,Corsica Studios
3499,Corsica Studios
60565,TheRota
633,Jaded
3499,Corsica Studios
633,Jaded
3499,Corsica Studios
40783,Find Me In The Dark
633,Jaded
38930,Avant Garde London
21962,Tief
633,Jaded
41223,Warm Up
47971,Gateway To Zen
3499,Corsica Studios
633,Jaded
46912,Feelings
3499,Corsica Studios
633,Jaded
5946,Make Me
26434,NTS Radio
60565,TheRota
3499,Corsica Studios
633,Jaded
3499,Corsica Studios
58436,Stevie Wonderland
38583,EgloRecords
633,Jaded
3499,Corsica Studios
21962,Tief
633,Jaded
40783,Find Me In The Dark
633,Jaded
36869,Tessellate
6463,Oscillate Wildly
633,Jaded
38930,Avant Garde London
3499,Corsica Studios
633,Jaded
3499,Corsica Studios
21962,Tief
633,Jaded
5946,Make Me
46354,SISTA SISTA
633,Jaded
3499,Corsica Studios
3499,Corsica Studios
210,Soundcrash
29259,Rockfeedback
633,Jaded
41519,IndividualCollective
37141,NVWLS
633,Jaded
3499,Corsica Studios
3499,Corsica Studios
633,Jaded
32077,Percolate
4472,THEM
58354,Global Rhythms
36869,Tessellate
21918,Church
3499,Corsica Studios
3499,Corsica Studios
3499,Corsica Studios
633,Jaded
21962,Tief
633,Jaded
55357,Clock Strikes 13
3499,Corsica Studios
633,Jaded
55357,Clock Strikes 13
55357,Clock Strikes 13
633,Jaded
5946,Make Me
55357,Clock Strikes 13
633,Jaded
3499,Corsica Studios
3499,Corsica Studios
633,Jaded
38930,Avant Garde London
32077,Percolate
633,Jaded
3815,Rupture
21962,Tief
3499,Corsica Studios
633,Jaded
55357,Clock Strikes 13
1692,Plex
633,Jaded
5064,DJhistory.com
6463,Oscillate Wildly
633,Jaded
41223,Warm Up
49745,Tremors.
56577,Gym & Tonic London
633,Jaded
43552,Chapter 10
3499,Corsica Studios
56172,Erased Tapes Records
633,Jaded
56792,Red Light Disco
3499,Corsica Studios
633,Jaded
55357,Clock Strikes 13
3499,Corsica Studios
633,Jaded
3499,Corsica Studios
36869,Tessellate
633,Jaded
41519,IndividualCollective
16953,REVIVEHER
633,Jaded
5946,Make Me
6463,Oscillate Wildly
633,Jaded
3499,Corsica Studios
633,Jaded
21962,Tief
3499,Corsica Studios
51801,Lord Of The Tings
633,Jaded
54343,Diskordance
3499,Corsica Studios
633,Jaded
38930,Avant Garde London
41438,Kit Bransby
633,Jaded
3499,Corsica Studios
633,Jaded
3499,Corsica Studios
3499,Corsica Studios
633,Jaded
41438,Kit Bransby
633,Jaded
3499,Corsica Studios
50751,Loose Lips
633,Jaded
5946,Make Me
43662,CTRL SOUND
633,Jaded
633,Jaded
3499,Corsica Studios
3499,Corsica Studios
633,Jaded
5946,Make Me
3499,Corsica Studios
44929,Hyperdub
633,Jaded
3499,Corsica Studios
33044,Farr Festival
633,Jaded
29212,GETME!
36869,Tessellate
38583,EgloRecords
633,Jaded
52676,Samurai Music
3499,Corsica Studios
633,Jaded
52121,The Big Noise Festival
21918,Church
3499,Corsica Studios
633,Jaded
41716,Rootikal
3499,Corsica Studios
3499,Corsica Studios
633,Jaded
51133,Rise Productions
3499,Corsica Studios
21962,Tief
3499,Corsica Studios
633,Jaded
41961,We Concur
4472,THEM
633,Jaded
3499,Corsica Studios
38583,EgloRecords
633,Jaded
26434,NTS Radio
26743,regulate.ldn
3499,Corsica Studios
633,Jaded
3499,Corsica Studios
21962,Tief
21962,Tief
38930,Avant Garde London
633,Jaded
25402,Mind Yuh Business
36869,Tessellate
633,Jaded
21918,Church
6463,Oscillate Wildly
633,Jaded
3499,Corsica Studios
3815,Rupture
633,Jaded
3499,Corsica Studios
21962,Tief
633,Jaded
5064,DJhistory.com
56792,Red Light Disco
633,Jaded
41519,IndividualCollective
3499,Corsica Studios
633,Jaded
3499,Corsica Studios
633,Jaded
3499,Corsica Studios
633,Jaded
28535,Troupe London
633,Jaded
49922,KARTELSTW
633,Jaded
41162,Balamii
36869,Tessellate
21918,Church
3499,Corsica Studios
633,Jaded
21962,Tief
33196,Cirque Du Soul
633,Jaded
3499,Corsica Studios
3499,Corsica Studios
633,Jaded
3499,Corsica Studios
40230,Londonhousemusic.com
3499,Corsica Studios
633,Jaded
3499,Corsica Studios
3499,Corsica Studios
633,Jaded
3499,Corsica Studios
3499,Corsica Studios
20060,Shogun Audio
633,Jaded
23151,White Jail
36869,Tessellate
3499,Corsica Studios
633,Jaded
3499,Corsica Studios
3499,Corsica Studios
3499,Corsica Studios
633,Jaded
40230,Londonhousemusic.com
1692,Plex
3499,Corsica Studios
3155,dollop
3155,dollop
633,Jaded
38767,WORK IT
6463,Oscillate Wildly
3499,Corsica Studios
633,Jaded
45349,LoCo London Events
21962,Tief
3499,Corsica Studios
633,Jaded
3499,Corsica Studios
34335,Revolve Records
633,Jaded
41162,Balamii
3499,Corsica Studios
36773,Sessions
34335,Revolve Records
633,Jaded
41961,We Concur
3499,Corsica Studios
633,Jaded
45349,LoCo London Events
21962,Tief
36773,Sessions
633,Jaded
36773,Sessions
3499,Corsica Studios
633,Jaded
633,Jaded
21962,Tief
44929,Hyperdub
633,Jaded
38583,EgloRecords
633,Jaded
3499,Corsica Studios
36773,Sessions
633,Jaded
3499,Corsica Studios
633,Jaded
21918,Church
633,Jaded
5946,Make Me
36773,Sessions
633,Jaded
14345,BleeD Music
36773,Sessions
633,Jaded
3499,Corsica Studios
36773,Sessions
633,Jaded
49745,Tremors.
36773,Sessions
633,Jaded
3499,Corsica Studios
3499,Corsica Studios
633,Jaded
45349,LoCo London Events
36773,Sessions
633,Jaded
21918,Church
3499,Corsica Studios
633,Jaded
41162,Balamii
3499,Corsica Studios
633,Jaded
709,Slash Dot Dash
3499,Corsica Studios
3499,Corsica Studios
633,Jaded
14345,BleeD Music
41193,HOLIC TRAX
3499,Corsica Studios
38583,EgloRecords
36773,Sessions
23151,White Jail
3499,Corsica Studios
3499,Corsica Studios
3499,Corsica Studios
3499,Corsica Studios
3499,Corsica Studios
3499,Corsica Studios
24649,Kristina Records
21962,Tief
23151,White Jail
633,Jaded
41193,HOLIC TRAX
633,Jaded
3499,Corsica Studios
21803,I Love Acid
30375,Nixwax
3499,Corsica Studios
633,Jaded
14345,BleeD Music
36773,Sessions
3499,Corsica Studios
15245,Funkyzeit
633,Jaded
23151,White Jail
29842,Kai Marley
3499,Corsica Studios
633,Jaded
3499,Corsica Studios
3499,Corsica Studios
3499,Corsica Studios
21918,Church
18301,Tempo Clash
3499,Corsica Studios
633,Jaded
3499,Corsica Studios
3499,Corsica Studios
36773,Sessions
3499,Corsica Studios
633,Jaded
5064,DJhistory.com
15245,Funkyzeit
36773,Sessions
633,Jaded
4472,THEM
3499,Corsica Studios
36773,Sessions
633,Jaded
3499,Corsica Studios
3499,Corsica Studios
36773,Sessions
14345,BleeD Music
633,Jaded
3499,Corsica Studios
29842,Kai Marley
36773,Sessions
633,Jaded
3499,Corsica Studios
23151,White Jail
36773,Sessions
633,Jaded
38745,Noshun
3499,Corsica Studios
36773,Sessions
3499,Corsica Studios
633,Jaded
3499,Corsica Studios
3499,Corsica Studios
3499,Corsica Studios
633,Jaded
3499,Corsica Studios
3499,Corsica Studios
36773,Sessions
633,Jaded
3499,Corsica Studios
36773,Sessions
633,Jaded
3499,Corsica Studios
16953,REVIVEHER
36773,Sessions
3499,Corsica Studios
6463,Oscillate Wildly
36773,Sessions
633,Jaded
23151,White Jail
3815,Rupture
3499,Corsica Studios
14345,BleeD Music
633,Jaded
15245,Funkyzeit
4472,THEM
633,Jaded
3499,Corsica Studios
1692,Plex
36773,Sessions
633,Jaded
5064,DJhistory.com
3499,Corsica Studios
21918,Church
24649,Kristina Records
29842,Kai Marley
36773,Sessions
14345,BleeD Music
3499,Corsica Studios
36773,Sessions
3499,Corsica Studios
3499,Corsica Studios
21918,Church
36773,Sessions
14345,BleeD Music
4472,THEM
3499,Corsica Studios
36773,Sessions
3499,Corsica Studios
36773,Sessions
3499,Corsica Studios
23151,White Jail
36773,Sessions
4774,Huntleys & Palmers Audio Club
36773,Sessions
4216,COLONY
24649,Kristina Records
36773,Sessions
854,Deadly Rhythm
6463,Oscillate Wildly
3499,Corsica Studios
36773,Sessions
36773,Sessions
21918,Church
4216,COLONY
36773,Sessions
3499,Corsica Studios
36773,Sessions
4472,THEM
30654,REEL-TO-REAL
36773,Sessions
35897,000360
3499,Corsica Studios
36773,Sessions
7327,Groove Pleasure
36773,Sessions
633,Jaded
1012,Connected!
36773,Sessions
3499,Corsica Studios
24148,The House of Disco
21918,Church
4774,Huntleys & Palmers Audio Club
3815,Rupture
36773,Sessions
32186,Zoola Live
3499,Corsica Studios
36773,Sessions
633,Jaded
3499,Corsica Studios
26953,Lucid London
36773,Sessions
3499,Corsica Studios
3499,Corsica Studios
36773,Sessions
3499,Corsica Studios
21918,Church
36773,Sessions
3499,Corsica Studios
33621,Mono Audio
3499,Corsica Studios
4216,COLONY
6463,Oscillate Wildly
3499,Corsica Studios
3499,Corsica Studios
3499,Corsica Studios
33788,Tender Hooks
14345,BleeD Music
21918,Church
3499,Corsica Studios
18301,Tempo Clash
30852,Skyline Type Grooves Events
3499,Corsica Studios
3499,Corsica Studios
3815,Rupture
34589,Skint Records
16953,REVIVEHER
4472,THEM
3499,Corsica Studios
3499,Corsica Studios
3499,Corsica Studios
3499,Corsica Studios
5064,DJhistory.com
21918,Church
14827,third ear
6463,Oscillate Wildly
4472,THEM
3499,Corsica Studios
3499,Corsica Studios
36773,Sessions
3499,Corsica Studios
3499,Corsica Studios
3499,Corsica Studios
33621,Mono Audio
3499,Corsica Studios
21918,Church
3499,Corsica Studios
21918,Church
633,Jaded
3499,Corsica Studios
21803,I Love Acid
3499,Corsica Studios
4708,TOTHEBONE
3499,Corsica Studios
4774,Huntleys & Palmers Audio Club
3499,Corsica Studios
3499,Corsica Studios
4472,THEM
3499,Corsica Studios
3499,Corsica Studios
3499,Corsica Studios
16783,VOID
3499,Corsica Studios
1692,Plex
5064,DJhistory.com
21918,Church
3499,Corsica Studios
4472,THEM
14345,BleeD Music
3499,Corsica Studios
3499,Corsica Studios
3499,Corsica Studios
1692,Plex
3499,Corsica Studios
3499,Corsica Studios
24148,The House of Disco
21918,Church
3499,Corsica Studios
3499,Corsica Studios
3499,Corsica Studios
3499,Corsica Studios
6463,Oscillate Wildly
3499,Corsica Studios
3499,Corsica Studios
4216,COLONY
3499,Corsica Studios
854,Deadly Rhythm
4472,THEM
4472,THEM
3499,Corsica Studios
3499,Corsica Studios
3499,Corsica Studios
3499,Corsica Studios
28443,Moxa
29535,Metropolis Music
3499,Corsica Studios
3499,Corsica Studios
3499,Corsica Studios
3499,Corsica Studios
28443,Moxa
4472,THEM
21918,Church
1692,Plex
3815,Rupture
3499,Corsica Studios
28443,Moxa
3499,Corsica Studios
29212,GETME!
3499,Corsica Studios
3499,Corsica Studios
27667,Tom Broadbent
28295,Love Dance
1216,Wiggle
3499,Corsica Studios
3499,Corsica Studios
3499,Corsica Studios
3499,Corsica Studios
21918,Church
19376,Wavey Tones
3155,dollop
21918,Church
3499,Corsica Studios
6463,Oscillate Wildly
26865,Swamp81
4782,Nightflight
3499,Corsica Studios
3499,Corsica Studios
16210,Machine
210,Soundcrash
3499,Corsica Studios
4472,THEM
3499,Corsica Studios
4708,TOTHEBONE
3499,Corsica Studios
3499,Corsica Studios
13183,Streets Of Beige
3499,Corsica Studios
18301,Tempo Clash
3499,Corsica Studios
3499,Corsica Studios
5064,DJhistory.com
4472,THEM
3499,Corsica Studios
7412,krankbrother
1692,Plex
3499,Corsica Studios
3499,Corsica Studios
3499,Corsica Studios
3499,Corsica Studios
29212,GETME!
3499,Corsica Studios
3499,Corsica Studios
3499,Corsica Studios
3499,Corsica Studios
16210,Machine
23818,DIN.
3499,Corsica Studios
20924,God Don't Like It
3499,Corsica Studios
3499,Corsica Studios
4472,THEM
13152,EarToGround
3499,Corsica Studios
5064,DJhistory.com
1692,Plex
3499,Corsica Studios
21918,Church
3499,Corsica Studios
3499,Corsica Studios
10252,Creche
4708,TOTHEBONE
21918,Church
12508,2020 Records
3499,Corsica Studios
18301,Tempo Clash
15536,Audio dOughnuts
3499,Corsica Studios
3499,Corsica Studios
13152,EarToGround
20731,Nutmeg
16507,Black Acre
3499,Corsica Studios
1692,Plex
64513,Boiler Room
3499,Corsica Studios
3499,Corsica Studios
3499,Corsica Studios
7327,Groove Pleasure
3499,Corsica Studios
3499,Corsica Studios
2429,Torque
3499,Corsica Studios
5064,DJhistory.com
4782,Nightflight
2,Bleep43
3499,Corsica Studios
3499,Corsica Studios
13152,EarToGround
3499,Corsica Studios
3499,Corsica Studios
6712,Slide
3499,Corsica Studios
2,Bleep43
7412,krankbrother
3499,Corsica Studios
4105,Bill Brewster
29212,GETME!
1692,Plex
3499,Corsica Studios
3499,Corsica Studios
21918,Church
3499,Corsica Studios
3499,Corsica Studios
2,Bleep43
3499,Corsica Studios
3499,Corsica Studios
3499,Corsica Studios
3499,Corsica Studios
3499,Corsica Studios
1692,Plex
3499,Corsica Studios
3499,Corsica Studios
3007,Electric Minds
539,Phonica Records
2,Bleep43
7327,Groove Pleasure
3499,Corsica Studios
3499,Corsica Studios
3499,Corsica Studios
3499,Corsica Studios
7327,Groove Pleasure
5459,Matt L-S
28605,JR Events
3499,Corsica Studios
3499,Corsica Studios
539,Phonica Records
5459,Matt L-S
12374,Last Night A DJ Saved My Life
3815,Rupture
7327,Groove Pleasure
2,Bleep43
2311,H2
292,Chew The Fat!
3499,Corsica Studios
3499,Corsica Studios
607,Minimal Carnival
8280,Odd One Out
2,Bleep43
4472,THEM
7412,krankbrother
3499,Corsica Studios
5463,Tribe
5523,We Fear Silence
9478,Beat Redemption
518,Family Groove
3815,Rupture
5523,We Fear Silence
1692,Plex
3499,Corsica Studios
1532,Guerrilla Zoo
5463,Tribe
2743,Solid Gold
2,Bleep43
5523,We Fear Silence
3499,Corsica Studios
2743,Solid Gold
5523,We Fear Silence
1450,And Now Hear This
3464,Birdsong Music
5523,We Fear Silence
1692,Plex
3499,Corsica Studios
757,MinimalHospital
5523,We Fear Silence
3499,Corsica Studios
3815,Rupture
1692,Plex
902,Warm
5523,We Fear Silence
2247,Cocadisco
3766,Hyponik
1450,And Now Hear This
3815,Rupture
2,Bleep43
5979,pod
956,Zombies Ate My Brain
1692,Plex
757,MinimalHospital
323,allez-allez
2235,The Centrifuge
475,Double Trouble Productions
5565,Excuse The Mess
757,MinimalHospital
2743,Solid Gold
3815,Rupture
757,MinimalHospital
2743,Solid Gold
275,Mulletover
2,Bleep43
2247,Cocadisco
1692,Plex
292,Chew The Fat!
757,MinimalHospital
137,Wang
292,Chew The Fat!
757,MinimalHospital
2743,Solid Gold
3815,Rupture
2,Bleep43
1537,Back To Basics
539,Phonica Records
2743,Solid Gold
757,MinimalHospital
1692,Plex
2743,Solid Gold
1031,Brand New Fiction
2,Bleep43
3815,Rupture
3023,M.I.L.F. Music Id Like to F**K
2743,Solid Gold
1031,Brand New Fiction
137,Wang
2185,Hunted
2064,Richard Smith
1625,Nuke Them All!
2185,Hunted
1359,Split
295,OM Records
1926,Ninja Tune
1008,Acid Casuals
1131,The Mothership
137,Wang
2126,Man Make Music
1031,Brand New Fiction
2,Bleep43
1692,Plex
3554,Digital City
1359,Split
1008,Acid Casuals
1124,Uncharted Audio
1131,The Mothership
1008,Acid Casuals
665,BugzInTheAttic
1435,Lasermagnetic
1008,Acid Casuals
137,Wang
229,Nevertheless
3554,Digital City
2,Bleep43
3554,Digital City
541,Heavy Industries
595,ElectronicSessions
3499,Corsica Studios
1557,Closer
595,ElectronicSessions
2,Bleep43
2,Bleep43
3554,Digital City
22545,The Columbo Group
15408,XOYO
15408,XOYO
15408,XOYO
15408,XOYO
15408,XOYO
15408,XOYO
15408,XOYO
15408,XOYO
15408,XOYO
15408,XOYO
15408,XOYO
15408,XOYO
15408,XOYO
15408,XOYO
62014,RiseLDN
15408,XOYO
15408,XOYO
15408,XOYO
15408,XOYO
15408,XOYO
15408,XOYO
87002,Pleasurehood
15408,XOYO
87002,Pleasurehood
15408,XOYO
87002,Pleasurehood
87002,Pleasurehood
15408,XOYO
45141,SNEAK London
87002,Pleasurehood
15408,XOYO
45141,SNEAK London
87002,Pleasurehood
15408,XOYO
45141,SNEAK London
87002,Pleasurehood
15408,XOYO
45141,SNEAK London
87002,Pleasurehood
15408,XOYO
15408,XOYO
15408,XOYO
45141,SNEAK London
1033,LWE
15408,XOYO
15408,XOYO
45141,SNEAK London
15408,XOYO
15408,XOYO
45141,SNEAK London
15408,XOYO
15408,XOYO
15408,XOYO
15408,XOYO
15408,XOYO
15408,XOYO
15408,XOYO
7280,Rinse
62014,RiseLDN
15408,XOYO
15408,XOYO
56642,Wicked Student Nights
15408,XOYO
15408,XOYO
56642,Wicked Student Nights
15408,XOYO
15408,XOYO
15408,XOYO
15408,XOYO
15408,XOYO
15408,XOYO
15408,XOYO
15408,XOYO
15408,XOYO
15408,XOYO
15408,XOYO
15408,XOYO
33403,Milkshake
15408,XOYO
15408,XOYO
56642,Wicked Student Nights
15408,XOYO
15408,XOYO
15408,XOYO
91151,Tsunami London
15408,XOYO
15408,XOYO
15408,XOYO
15408,XOYO
15408,XOYO
15408,XOYO
33403,Milkshake
15408,XOYO
15408,XOYO
15408,XOYO
15408,XOYO
15408,XOYO
15408,XOYO
15408,XOYO
15408,XOYO
45141,SNEAK London
15408,XOYO
15408,XOYO
15408,XOYO
15408,XOYO
45141,SNEAK London
15408,XOYO
15408,XOYO
45141,SNEAK London
15408,XOYO
15408,XOYO
45141,SNEAK London
15408,XOYO
15408,XOYO
45141,SNEAK London
15408,XOYO
15408,XOYO
15408,XOYO
90221,Calibre XOYO Residency
15408,XOYO
15408,XOYO
56642,Wicked Student Nights
15408,XOYO
15408,XOYO
15408,XOYO
15408,XOYO
15408,XOYO
15408,XOYO
33403,Milkshake
56642,Wicked Student Nights
15408,XOYO
15408,XOYO
15408,XOYO
15408,XOYO
15408,XOYO
15408,XOYO
56642,Wicked Student Nights
15408,XOYO
15408,XOYO
56642,Wicked Student Nights
15408,XOYO
15408,XOYO
15408,XOYO
15408,XOYO
15408,XOYO
15408,XOYO
36122,Eat Your Own Ears
15408,XOYO
15408,XOYO
45141,SNEAK London
15408,XOYO
15408,XOYO
15408,XOYO
15408,XOYO
15408,XOYO
15408,XOYO
45141,SNEAK London
15408,XOYO
45141,SNEAK London
15408,XOYO
15408,XOYO
55358,Cult of Ya (UK)
15408,XOYO
15408,XOYO
45141,SNEAK London
15408,XOYO
87002,Pleasurehood
15408,XOYO
45141,SNEAK London
15408,XOYO
15408,XOYO
15408,XOYO
87002,Pleasurehood
15408,XOYO
45141,SNEAK London
15408,XOYO
87002,Pleasurehood
15408,XOYO
15408,XOYO
15408,XOYO
15408,XOYO
15408,XOYO
15408,XOYO
15408,XOYO
85111,duskldn
15408,XOYO
15408,XOYO
33403,Milkshake
45141,SNEAK London
15408,XOYO
15408,XOYO
15408,XOYO
15408,XOYO
45141,SNEAK London
15408,XOYO
15408,XOYO
15408,XOYO
15408,XOYO
15408,XOYO
15408,XOYO
45141,SNEAK London
15408,XOYO
15408,XOYO
15408,XOYO
15408,XOYO
45141,SNEAK London
15408,XOYO
15408,XOYO
15408,XOYO
15408,XOYO
84641,Croydub
15408,XOYO
15408,XOYO
15408,XOYO
15408,XOYO
45141,SNEAK London
15408,XOYO
15408,XOYO
15408,XOYO
15408,XOYO
15408,XOYO
15408,XOYO
45141,SNEAK London
15408,XOYO
15408,XOYO
45141,SNEAK London
15408,XOYO
15408,XOYO
15408,XOYO
15408,XOYO
64274,shiftldn.com
15408,XOYO
45141,SNEAK London
15408,XOYO
75064,Reality
15408,XOYO
33403,Milkshake
15408,XOYO
15408,XOYO
33403,Milkshake
45141,SNEAK London
15408,XOYO
15408,XOYO
15408,XOYO
45141,SNEAK London
15408,XOYO
15408,XOYO
45141,SNEAK London
15408,XOYO
15408,XOYO
15408,XOYO
45141,SNEAK London
15408,XOYO
15408,XOYO
45141,SNEAK London
15408,XOYO
15408,XOYO
45141,SNEAK London
15408,XOYO
15408,XOYO
45141,SNEAK London
15408,XOYO
15408,XOYO
45141,SNEAK London
15408,XOYO
15408,XOYO
15408,XOYO
15408,XOYO
45141,SNEAK London
15408,XOYO
15408,XOYO
15408,XOYO
15408,XOYO
45141,SNEAK London
15408,XOYO
15408,XOYO
15408,XOYO
15408,XOYO
15408,XOYO
45141,SNEAK London
15408,XOYO
15408,XOYO
45141,SNEAK London
15408,XOYO
15408,XOYO
72060,Major Muzik Entertainment
15408,XOYO
15408,XOYO
15408,XOYO
45141,SNEAK London
15408,XOYO
15408,XOYO
15408,XOYO
29535,Metropolis Music
15408,XOYO
45141,SNEAK London
15408,XOYO
15408,XOYO
15408,XOYO
15408,XOYO
15408,XOYO
15408,XOYO
15408,XOYO
45141,SNEAK London
15408,XOYO
15408,XOYO
45141,SNEAK London
15408,XOYO
15408,XOYO
15408,XOYO
15408,XOYO
15408,XOYO
15408,XOYO
15408,XOYO
15408,XOYO
15408,XOYO
15408,XOYO
45141,SNEAK London
15408,XOYO
15408,XOYO
15408,XOYO
45141,SNEAK London
15408,XOYO
15408,XOYO
45141,SNEAK London
15408,XOYO
15408,XOYO
15408,XOYO
15408,XOYO
15408,XOYO
15408,XOYO
77543,Nox London
45141,SNEAK London
15408,XOYO
15408,XOYO
45141,SNEAK London
15408,XOYO
15408,XOYO
15408,XOYO
15408,XOYO
15408,XOYO
15408,XOYO
75740,Kelly Watkins
15408,XOYO
15408,XOYO
15408,XOYO
15408,XOYO
15408,XOYO
15408,XOYO
15408,XOYO
15408,XOYO
72017,Harry Yellop
15408,XOYO
45141,SNEAK London
15408,XOYO
15408,XOYO
43662,CTRL SOUND
45141,SNEAK London
15408,XOYO
15408,XOYO
15408,XOYO
15408,XOYO
15408,XOYO
15408,XOYO
15408,XOYO
15408,XOYO
15408,XOYO
15408,XOYO
15408,XOYO
33403,Milkshake
15408,XOYO
15408,XOYO
15408,XOYO
45141,SNEAK London
15408,XOYO
15408,XOYO
15408,XOYO
45141,SNEAK London
15408,XOYO
15408,XOYO
15408,XOYO
210,Soundcrash
45141,SNEAK London
15408,XOYO
15408,XOYO
15408,XOYO
45141,SNEAK London
15408,XOYO
15408,XOYO
15408,XOYO
45141,SNEAK London
15408,XOYO
15408,XOYO
45141,SNEAK London
15408,XOYO
15408,XOYO
45141,SNEAK London
15408,XOYO
15408,XOYO
15408,XOYO
15408,XOYO
15408,XOYO
15408,XOYO
15408,XOYO
59985,PacificState
33403,Milkshake
15408,XOYO
15408,XOYO
15408,XOYO
15408,XOYO
15408,XOYO
15408,XOYO
15408,XOYO
45141,SNEAK London
15408,XOYO
15408,XOYO
15408,XOYO
15408,XOYO
45141,SNEAK London
57747,SunfallLondon
15408,XOYO
15408,XOYO
45141,SNEAK London
15408,XOYO
15408,XOYO
15408,XOYO
15408,XOYO
15408,XOYO
45141,SNEAK London
15408,XOYO
15408,XOYO
45141,SNEAK London
15408,XOYO
15408,XOYO
15408,XOYO
45141,SNEAK London
15408,XOYO
15408,XOYO
15408,XOYO
72457,Didier Autard
45141,SNEAK London
15408,XOYO
15408,XOYO
15408,XOYO
45141,SNEAK London
15408,XOYO
15408,XOYO
15408,XOYO
45141,SNEAK London
15408,XOYO
15408,XOYO
67357,PLTFRMLONDON
45141,SNEAK London
15408,XOYO
15408,XOYO
66512,Greenstone
15408,XOYO
15408,XOYO
59985,PacificState
15408,XOYO
15408,XOYO
15408,XOYO
15408,XOYO
45141,SNEAK London
15408,XOYO
15408,XOYO
15408,XOYO
45141,SNEAK London
15408,XOYO
15408,XOYO
15408,XOYO
15408,XOYO
15408,XOYO
15408,XOYO
15408,XOYO
15408,XOYO
15408,XOYO
15408,XOYO
15408,XOYO
15408,XOYO
15408,XOYO
15408,XOYO
15408,XOYO
15408,XOYO
15408,XOYO
17093,dbe
45141,SNEAK London
15408,XOYO
15408,XOYO
45141,SNEAK London
15408,XOYO
15408,XOYO
15408,XOYO
45141,SNEAK London
15408,XOYO
15408,XOYO
15408,XOYO
1860,Lock N Load Events
15408,XOYO
15408,XOYO
15408,XOYO
15408,XOYO
15408,XOYO
59985,PacificState
45141,SNEAK London
15408,XOYO
15408,XOYO
15408,XOYO
15408,XOYO
15408,XOYO
15408,XOYO
15408,XOYO
15408,XOYO
59985,PacificState
15408,XOYO
15408,XOYO
15408,XOYO
15408,XOYO
15408,XOYO
15408,XOYO
15408,XOYO
15408,XOYO
15408,XOYO
15408,XOYO
15408,XOYO
15408,XOYO
15408,XOYO
1860,Lock N Load Events
45141,SNEAK London
15408,XOYO
15408,XOYO
59985,PacificState
15408,XOYO
15408,XOYO
15408,XOYO
15408,XOYO
15408,XOYO
15408,XOYO
15408,XOYO
50291,Caramello Promotions LTD
45141,SNEAK London
62247,Tone Deaf London
15408,XOYO
45141,SNEAK London
62247,Tone Deaf London
15408,XOYO
15408,XOYO
15408,XOYO
45141,SNEAK London
62247,Tone Deaf London
15408,XOYO
15408,XOYO
15408,XOYO
45141,SNEAK London
62247,Tone Deaf London
15408,XOYO
15408,XOYO
15408,XOYO
62247,Tone Deaf London
15408,XOYO
15408,XOYO
15408,XOYO
45141,SNEAK London
15408,XOYO
15408,XOYO
15408,XOYO
45141,SNEAK London
15408,XOYO
15408,XOYO
15408,XOYO
45141,SNEAK London
62247,Tone Deaf London
15408,XOYO
15408,XOYO
3155,dollop
62247,Tone Deaf London
15408,XOYO
15408,XOYO
45141,SNEAK London
62247,Tone Deaf London
15408,XOYO
15408,XOYO
17093,dbe
45141,SNEAK London
62247,Tone Deaf London
15408,XOYO
15408,XOYO
15408,XOYO
45141,SNEAK London
62247,Tone Deaf London
15408,XOYO
15408,XOYO
15408,XOYO
45141,SNEAK London
62247,Tone Deaf London
15408,XOYO
15408,XOYO
520,Bugged Out!
56642,Wicked Student Nights
62247,Tone Deaf London
15408,XOYO
15408,XOYO
15408,XOYO
15408,XOYO
15408,XOYO
64304,Raji Rags
33403,Milkshake
15408,XOYO
15408,XOYO
15408,XOYO
56642,Wicked Student Nights
15408,XOYO
15408,XOYO
15408,XOYO
15408,XOYO
15408,XOYO
15408,XOYO
15408,XOYO
15408,XOYO
15408,XOYO
15408,XOYO
15408,XOYO
15408,XOYO
15408,XOYO
46854,Jada Simone
15408,XOYO
15408,XOYO
50291,Caramello Promotions LTD
56642,Wicked Student Nights
15408,XOYO
15408,XOYO
48358,Live at The Roof Gardens
15408,XOYO
15408,XOYO
55069,Anti-Bad
56642,Wicked Student Nights
15408,XOYO
15408,XOYO
56642,Wicked Student Nights
15408,XOYO
15408,XOYO
45141,SNEAK London
15408,XOYO
15408,XOYO
17093,dbe
45141,SNEAK London
15408,XOYO
15408,XOYO
60938,Selected
15408,XOYO
15408,XOYO
48779,The Pit LDN
15408,XOYO
15408,XOYO
15408,XOYO
15408,XOYO
62247,Tone Deaf London
15408,XOYO
15408,XOYO
520,Bugged Out!
45141,SNEAK London
15408,XOYO
15408,XOYO
15408,XOYO
15408,XOYO
15408,XOYO
15408,XOYO
15408,XOYO
15408,XOYO
46854,Jada Simone
15408,XOYO
15408,XOYO
15408,XOYO
520,Bugged Out!
15408,XOYO
45141,SNEAK London
32857,Frequency London
15408,XOYO
15408,XOYO
45141,SNEAK London
15408,XOYO
15408,XOYO
15408,XOYO
36122,Eat Your Own Ears
54654,Bustin' Loose
45141,SNEAK London
15408,XOYO
37546,Music Remedy
45141,SNEAK London
15408,XOYO
15408,XOYO
50291,Caramello Promotions LTD
45141,SNEAK London
15408,XOYO
15408,XOYO
29744,YOUR MUM'S HOUSE
15408,XOYO
17093,dbe
45141,SNEAK London
15408,XOYO
520,Bugged Out!
15408,XOYO
15408,XOYO
45141,SNEAK London
15408,XOYO
15408,XOYO
49745,Tremors.
9313,SJM Concerts
15408,XOYO
15408,XOYO
54654,Bustin' Loose
15408,XOYO
520,Bugged Out!
48779,The Pit LDN
45141,SNEAK London
15408,XOYO
520,Bugged Out!
22545,The Columbo Group
45141,SNEAK London
15408,XOYO
15408,XOYO
45141,SNEAK London
15408,XOYO
6510,44
45141,SNEAK London
15408,XOYO
15408,XOYO
45141,SNEAK London
15408,XOYO
15408,XOYO
45141,SNEAK London
15408,XOYO
15408,XOYO
15408,XOYO
15408,XOYO
15408,XOYO
45141,SNEAK London
15408,XOYO
15408,XOYO
15408,XOYO
15408,XOYO
15408,XOYO
15408,XOYO
3269,Snap Crackle & Pop
45141,SNEAK London
15408,XOYO
15408,XOYO
37546,Music Remedy
45141,SNEAK London
15408,XOYO
15408,XOYO
15408,XOYO
15408,XOYO
15408,XOYO
15408,XOYO
15408,XOYO
15408,XOYO
15408,XOYO
54970,MARATHON!
45141,SNEAK London
15408,XOYO
15408,XOYO
45141,SNEAK London
15408,XOYO
520,Bugged Out!
34568,License To Trill
15408,XOYO
15408,XOYO
55357,Clock Strikes 13
46706,Juicebox
210,Soundcrash
45141,SNEAK London
15408,XOYO
15408,XOYO
15408,XOYO
15408,XOYO
47562,Black Butter
15408,XOYO
15408,XOYO
1860,Lock N Load Events
15408,XOYO
520,Bugged Out!
45141,SNEAK London
15408,XOYO
15408,XOYO
15408,XOYO
15408,XOYO
15408,XOYO
15408,XOYO
29744,YOUR MUM'S HOUSE
15408,XOYO
520,Bugged Out!
45141,SNEAK London
15408,XOYO
15408,XOYO
15408,XOYO
15408,XOYO
15408,XOYO
15408,XOYO
15408,XOYO
45141,SNEAK London
15408,XOYO
15408,XOYO
15408,XOYO
520,Bugged Out!
45141,SNEAK London
15408,XOYO
15408,XOYO
15408,XOYO
15408,XOYO
15408,XOYO
15408,XOYO
15408,XOYO
15408,XOYO
15408,XOYO
15408,XOYO
15408,XOYO
6510,44
15408,XOYO
15408,XOYO
15408,XOYO
15408,XOYO
15408,XOYO
34964,Rockfeedback Concerts
45141,SNEAK London
15408,XOYO
15408,XOYO
49373,XYXX Agency
15408,XOYO
520,Bugged Out!
3155,dollop
45141,SNEAK London
15408,XOYO
15408,XOYO
15408,XOYO
15408,XOYO
3269,Snap Crackle & Pop
45141,SNEAK London
15408,XOYO
15408,XOYO
15408,XOYO
15408,XOYO
15408,XOYO
15408,XOYO
520,Bugged Out!
15408,XOYO
15408,XOYO
15408,XOYO
15408,XOYO
15408,XOYO
45141,SNEAK London
29744,YOUR MUM'S HOUSE
15408,XOYO
15408,XOYO
15408,XOYO
15408,XOYO
520,Bugged Out!
45141,SNEAK London
15408,XOYO
15408,XOYO
8907,THE PLAYGROUND
45141,SNEAK London
15408,XOYO
15408,XOYO
45141,SNEAK London
15408,XOYO
15408,XOYO
34568,License To Trill
15408,XOYO
520,Bugged Out!
38767,WORK IT
36122,Eat Your Own Ears
45141,SNEAK London
15408,XOYO
15408,XOYO
45141,SNEAK London
15408,XOYO
15408,XOYO
15408,XOYO
45141,SNEAK London
15408,XOYO
15408,XOYO
37546,Music Remedy
45141,SNEAK London
15408,XOYO
520,Bugged Out!
45141,SNEAK London
15408,XOYO
15408,XOYO
45141,SNEAK London
15408,XOYO
15408,XOYO
45141,SNEAK London
15408,XOYO
15408,XOYO
45141,SNEAK London
15408,XOYO
15408,XOYO
15408,XOYO
15408,XOYO
15408,XOYO
15408,XOYO
15408,XOYO
15408,XOYO
15408,XOYO
45141,SNEAK London
15408,XOYO
15408,XOYO
33403,Milkshake
3155,dollop
15408,XOYO
520,Bugged Out!
34568,License To Trill
45141,SNEAK London
15408,XOYO
15408,XOYO
15408,XOYO
15408,XOYO
45141,SNEAK London
15408,XOYO
15408,XOYO
15408,XOYO
36122,Eat Your Own Ears
520,Bugged Out!
15408,XOYO
15408,XOYO
45141,SNEAK London
15408,XOYO
15408,XOYO
520,Bugged Out!
15408,XOYO
15408,XOYO
15408,XOYO
9313,SJM Concerts
45141,SNEAK London
15408,XOYO
15408,XOYO
45141,SNEAK London
15408,XOYO
520,Bugged Out!
33403,Milkshake
45141,SNEAK London
15408,XOYO
15408,XOYO
15408,XOYO
15408,XOYO
33403,Milkshake
15408,XOYO
15408,XOYO
15408,XOYO
15408,XOYO
29744,YOUR MUM'S HOUSE
15408,XOYO
15408,XOYO
47279,Bakar Shariff
15408,XOYO
15408,XOYO
45141,SNEAK London
15408,XOYO
15408,XOYO
15408,XOYO
15408,XOYO
41522,IN2D Events
15408,XOYO
520,Bugged Out!
15408,XOYO
45141,SNEAK London
41522,IN2D Events
15408,XOYO
15408,XOYO
41586,GoGetFaded
15408,XOYO
45141,SNEAK London
41522,IN2D Events
15408,XOYO
15408,XOYO
15408,XOYO
15408,XOYO
15408,XOYO
15408,XOYO
45141,SNEAK London
35903,someday
15408,XOYO
15408,XOYO
15408,XOYO
15408,XOYO
45141,SNEAK London
15408,XOYO
15408,XOYO
45141,SNEAK London
15408,XOYO
520,Bugged Out!
45141,SNEAK London
15408,XOYO
15408,XOYO
15408,XOYO
15408,XOYO
15408,XOYO
45141,SNEAK London
25836,Solo Danza
15408,XOYO
15408,XOYO
45141,SNEAK London
15408,XOYO
15408,XOYO
15408,XOYO
44797,The French Machine
45141,SNEAK London
15408,XOYO
520,Bugged Out!
34335,Revolve Records
15408,XOYO
15408,XOYO
15408,XOYO
34335,Revolve Records
15408,XOYO
15408,XOYO
15408,XOYO
15408,XOYO
34335,Revolve Records
15408,XOYO
520,Bugged Out!
34335,Revolve Records
15408,XOYO
15408,XOYO
34335,Revolve Records
15408,XOYO
15408,XOYO
34335,Revolve Records
15408,XOYO
15408,XOYO
34335,Revolve Records
15408,XOYO
520,Bugged Out!
34335,Revolve Records
15408,XOYO
15408,XOYO
15408,XOYO
15408,XOYO
15408,XOYO
15408,XOYO
36869,Tessellate
15408,XOYO
520,Bugged Out!
15408,XOYO
15408,XOYO
15408,XOYO
15408,XOYO
15408,XOYO
15408,XOYO
15408,XOYO
15408,XOYO
15408,XOYO
29546,Livin Proof
41522,IN2D Events
15408,XOYO
15408,XOYO
15408,XOYO
15408,XOYO
36869,Tessellate
520,Bugged Out!
15408,XOYO
15408,XOYO
34335,Revolve Records
3007,Electric Minds
15408,XOYO
39794,Heavy Signal
15408,XOYO
15408,XOYO
15408,XOYO
15408,XOYO
36869,Tessellate
38537,DJ Devon Rivers
15408,XOYO
38767,WORK IT
34335,Revolve Records
520,Bugged Out!
15408,XOYO
15408,XOYO
15408,XOYO
36122,Eat Your Own Ears
15408,XOYO
15408,XOYO
36869,Tessellate
29744,YOUR MUM'S HOUSE
15408,XOYO
520,Bugged Out!
15408,XOYO
210,Soundcrash
32871,HOUSEISHOUSE
15408,XOYO
36869,Tessellate
15408,XOYO
15408,XOYO
38767,WORK IT
15408,XOYO
38537,DJ Devon Rivers
520,Bugged Out!
15408,XOYO
15408,XOYO
15408,XOYO
32871,HOUSEISHOUSE
29546,Livin Proof
15408,XOYO
15408,XOYO
15408,XOYO
15408,XOYO
15408,XOYO
15408,XOYO
32871,HOUSEISHOUSE
29546,Livin Proof
15408,XOYO
28535,Troupe London
15408,XOYO
15408,XOYO
15408,XOYO
210,Soundcrash
520,Bugged Out!
15408,XOYO
29546,Livin Proof
15408,XOYO
31360,Larry Tee's Super Electric Party Machine
15408,XOYO
15408,XOYO
28535,Troupe London
15408,XOYO
15408,XOYO
15408,XOYO
9534,Found
36869,Tessellate
36424,MAZE
520,Bugged Out!
15408,XOYO
210,Soundcrash
15408,XOYO
15408,XOYO
15408,XOYO
520,Bugged Out!
15408,XOYO
28535,Troupe London
15408,XOYO
15408,XOYO
15408,XOYO
15408,XOYO
520,Bugged Out!
36293,Larry Tee
15408,XOYO
15408,XOYO
34964,Rockfeedback Concerts
30415,DEFINITION MUSIC EVENTS
29546,Livin Proof
15408,XOYO
15408,XOYO
1860,Lock N Load Events
520,Bugged Out!
15408,XOYO
15408,XOYO
15408,XOYO
29744,YOUR MUM'S HOUSE
35456,4Fold
28535,Troupe London
15408,XOYO
34964,Rockfeedback Concerts
29546,Livin Proof
15408,XOYO
17856,Nonclassical
15408,XOYO
15408,XOYO
9110,Deviation
520,Bugged Out!
15408,XOYO
29546,Livin Proof
15408,XOYO
31360,Larry Tee's Super Electric Party Machine
15408,XOYO
15408,XOYO
15408,XOYO
30465,Fire In Session
15408,XOYO
15408,XOYO
520,Bugged Out!
15408,XOYO
27266,Ava Word
29546,Livin Proof
15408,XOYO
15408,XOYO
15408,XOYO
28535,Troupe London
15408,XOYO
15408,XOYO
15408,XOYO
520,Bugged Out!
15408,XOYO
15408,XOYO
32871,HOUSEISHOUSE
24571,Just Beats Music
15408,XOYO
3007,Electric Minds
15408,XOYO
11569,Gentleman's Dub Club
15408,XOYO
10160,Fly or Die
15408,XOYO
15408,XOYO
31487,Nachtmusik
29546,Livin Proof
15408,XOYO
27266,Ava Word
15408,XOYO
15408,XOYO
15408,XOYO
15408,XOYO
31360,Larry Tee's Super Electric Party Machine
15408,XOYO
10252,Creche
28535,Troupe London
15408,XOYO
24571,Just Beats Music
15408,XOYO
20924,God Don't Like It
9313,SJM Concerts
29546,Livin Proof
15408,XOYO
15408,XOYO
29259,Rockfeedback
520,Bugged Out!
15408,XOYO
1860,Lock N Load Events
27266,Ava Word
15408,XOYO
24571,Just Beats Music
15408,XOYO
15408,XOYO
15408,XOYO
24571,Just Beats Music
27266,Ava Word
6534,Scandalism
23350,VAST
16448,Black Atlantic
29546,Livin Proof
210,Soundcrash
210,Soundcrash
15408,XOYO
23539,Arkitekt
27266,Ava Word
13572,Neon Noise Project
25717,RC & L
6534,Scandalism
24571,Just Beats Music
3155,dollop
6534,Scandalism
14853,Electronique
27058,The Hydra
1033,LWE
15408,XOYO
18648,BassLaced
1932,Codekontrol crew
27058,The Hydra
23350,VAST
210,Soundcrash
24571,Just Beats Music
1860,Lock N Load Events
27337,Troupe
2832,This Is Not Happening
26486,datatransmission.co.uk
520,Bugged Out!
25717,RC & L
6534,Scandalism
1860,Lock N Load Events
520,Bugged Out!
292,Chew The Fat!
24571,Just Beats Music
27095,James Xoyo
18648,BassLaced
26650,Mt. Wolf
23350,VAST
27095,James Xoyo
10252,Creche
1860,Lock N Load Events
520,Bugged Out!
520,Bugged Out!
22574,Grand Hotel
292,Chew The Fat!
1860,Lock N Load Events
6534,Scandalism
1932,Codekontrol crew
2832,This Is Not Happening
15408,XOYO
24571,Just Beats Music
19434,Finger Lickin' Management
6534,Scandalism
15767,HOLIC
2869,All Tomorrow's Parties
520,Bugged Out!
15408,XOYO
22574,Grand Hotel
23350,VAST
355,TrailerTrash
21270,WOMP
1932,Codekontrol crew
16953,REVIVEHER
2832,This Is Not Happening
6534,Scandalism
210,Soundcrash
6715,Batty Bass
7315,Alpha-ville
15408,XOYO
15408,XOYO
15408,XOYO
15408,XOYO
20924,God Don't Like It
15408,XOYO
5704,Urban Nerds
210,Soundcrash
3269,Snap Crackle & Pop
956,Zombies Ate My Brain
2984,Deadly People
520,Bugged Out!
6715,Batty Bass
6534,Scandalism
17210,Bad-Life
14345,BleeD Music
16448,Black Atlantic
5233,Fish Don't Dance
210,Soundcrash
956,Zombies Ate My Brain
3155,dollop
18579,Unknown To The Unknown
5233,Fish Don't Dance
520,Bugged Out!
210,Soundcrash
1860,Lock N Load Events
1860,Lock N Load Events
520,Bugged Out!
18430,Hear No Evil
210,Soundcrash
15437,R&S
15408,XOYO
3269,Snap Crackle & Pop
210,Soundcrash
15408,XOYO
137,Wang
5704,Urban Nerds
835,Lost
210,Soundcrash
956,Zombies Ate My Brain
1606,Lovebox
520,Bugged Out!
8595,eatyourownears
210,Soundcrash
14345,BleeD Music
1860,Lock N Load Events
1606,Lovebox
2984,Deadly People
1860,Lock N Load Events
3269,Snap Crackle & Pop
16669,UKF
956,Zombies Ate My Brain
520,Bugged Out!
4785,This Is Underground
3155,dollop
15408,XOYO
15408,XOYO
15408,XOYO
15408,XOYO
15408,XOYO
15408,XOYO
854,Deadly Rhythm
15408,XOYO
15408,XOYO
15408,XOYO
355,TrailerTrash
15408,XOYO
2984,Deadly People
5704,Urban Nerds
14345,BleeD Music
520,Bugged Out!
799,Rag
4961,Rob Star
63,Magic and Medicine
8595,eatyourownears
520,Bugged Out!
